{
    "data": [
        {
            "who": "contact",
            "message": "1Quickly come to the meeting room 1B, we have a big server issue",
            "time": "2016-03-20T15:14:59.931Z"
        },
        {
            "who": "user",
            "message": "I’m having breakfast right now, can’t you wait for 10 minutes?",
            "time": "2016-04-20T15:14:59.931Z"
        },
        {
            "who": "contact",
            "message": "We are losing money! Quick!",
            "time": "2016-05-01T15:14:59.931Z"
        },
        {
            "who": "user",
            "message": "It’s not my money, you know. I will eat my breakfast and then I will come to the meeting room.",
            "time": "2016-05-01T15:20:59.931Z"
        },
        {
            "who": "contact",
            "message": "You are the worst!",
            "time": "2016-05-01T15:30:59.931Z"
        },
        {
            "who": "contact",
            "message": "We are losing money! Quick!",
            "time": "2016-05-01T16:30:59.931Z"
        },
        {
            "who": "user",
            "message": "It’s not my money, you know. I will eat my breakfast and then I will come to the meeting room.",
            "time": "2016-05-01T16:34:59.931Z"
        },
        {
            "who": "contact",
            "message": "You are the worst!",
            "time": "2016-05-01T16:39:59.931Z"
        },
        {
            "who": "contact",
            "message": "We are losing money! Quick!",
            "time": "2016-05-01T16:49:59.931Z"
        },
        {
            "who": "user",
            "message": "It’s not my money, you know. I will eat my breakfast and then I will come to the meeting room.",
            "time": "2016-05-02T14:49:59.931Z"
        },
        {
            "who": "contact",
            "message": "You are the worst!",
            "time": "2016-05-02T15:49:59.931Z"
        },
        {
            "who": "contact",
            "message": "We are losing money! Quick!",
            "time": "2016-05-02T16:30:59.931Z"
        },
        {
            "who": "user",
            "message": "It’s not my money, you know. I will eat my breakfast and then I will come to the meeting room.",
            "time": "2016-05-02T16:40:59.931Z"
        },
        {
            "who": "contact",
            "message": "You are the worst!",
            "time": "2016-05-02T16:49:59.931Z"
        }
    ]
}