{
    "data": [
        {
            "id": 1,
            "unread": "all",
            "name": "inbox",
            "title": "Inbox",
            "icon": "icon-inbox"
        },
        {
            "id": 2,
            "unread": "true",
            "name": "unread",
            "title": "Unread",
            "icon": "icon-label"
        },
        {
            "id": 3,
            "unread": "false",
            "name": "read",
            "title": "Read",
            "icon": "icon-label-outline"
        }
    ]
}
