{
  "data": [
    {
      "id": 0,
      "name": "unknown",
      "title": "",
      "color": "",
      "view": false
    },
    {
      "id": 1,
      "name": "accepted",
      "title": "Accepted",
      "color": "md-light-blue-600-bg",
      "view": false
    },
    {
      "id": 6,
      "name": "post",
      "title": "Postings",
      "color": "md-orange-800-bg",
      "view": true
    },
    {
      "id": 5,
      "name": "notification",
      "title": "Notifications",
      "color": "md-blue-600-bg",
      "view": true
    },
    {
      "id": 2,
      "name": "invite",
      "title": "Invitations",
      "color": "md-red-800-bg",
      "view": true
    },
    {
      "id": 4,
      "name": "message",
      "title": "Messages",
      "color": "md-green-600-bg",
      "view": true
    },
    {
      "id": 3,
      "name": "invited",
      "title": "Contact Requests",
      "color": "md-purple-800-bg",
      "view": true
    },
    {
      "id": 7,
      "name": "checklist",
      "title": "Checklist",
      "color": "md-blue-grey-400-bg",
      "view": false
    },
    {
      "id": 8,
      "name": "friendship",
      "title": "Friendship",
      "color": "md-blue-grey-600-bg",
      "view": false
    },

    {
      "id": 9,
      "name": "folder",
      "title": "Folder",
      "color": "md-blue-grey-400-bg",
      "view": false
    },
    {
      "id": 10,
      "name": "heading",
      "title": "Heading",
      "color": "md-blue-grey-400-bg",
      "view": false
    },
    {
      "id": 11,
      "name": "section",
      "title": "Section",
      "color": "md-blue-grey-400-bg",
      "view": false
    },
    {
      "id": 12,
      "name": "item",
      "title": "Item",
      "color": "md-blue-grey-400-bg",
      "view": false
    },
    {
      "id": 13,
      "name": "offboard",
      "title": "Offboard",
      "color": "md-blue-grey-600-bg",
      "view": false
    }
  ]
}
